number,sendto,severity,attachtype,datetime,status
1,ybertrandyonkou@gmail.com,high,PortScan,2023-05-03T05:36:26.538Z,pending
2,ybertrandyonkou@gmail.com,high,PortScan,2023-05-03T05:40:54.084Z,pending
3,ybertrandyonkou@gmail.com,high,PortScan,2023-05-03T05:41:14.522Z,pending
4,ybertrandyonkou@gmail.com,high,PortScan,2023-05-03T05:43:46.931Z,pending
5,ybertrandyonkou@gmail.com,high,PortScan,2023-05-03T05:43:50.559Z,pending
6,ybertrandyonkou@gmail.com,high,PortScan,2023-05-03T05:45:08.263Z,pending
7,ybertrandyonkou@gmail.com,high,PortScan,2023-05-03T05:45:42.609Z,pending
8,ybertrandyonkou@gmail.com,high,PortScan,2023-05-03T17:50:15.283Z,pending
9,ybertrandyonkou@gmail.com,high,DoS Hulk,2023-05-03T17:51:32.657Z,pending
10,ybertrandyonkou@gmail.com,high,DDoS,2023-05-03T17:51:43.623Z,pending
11,ybertrandyonkou@gmail.com,high,DoS Hulk,2023-05-03T17:51:44.844Z,pending
12,ybertrandyonkou@gmail.com,high,PortScan,2023-05-03T18:56:21.694Z,pending
13,ybertrandyonkou@gmail.com,high,PortScan,2023-05-03T18:58:38.288Z,pending
14,ybertrandyonkou@gmail.com,high,PortScan,2023-05-03T18:59:05.148Z,pending
15,ybertrandyonkou@gmail.com,high,PortScan,2023-05-03T18:59:32.722Z,pending
16,ybertrandyonkou@gmail.com,high,PortScan,2023-05-03T19:12:28.840Z,pending
17,ybertrandyonkou@gmail.com,high,PortScan,2023-05-03T19:13:24.523Z,pending
18,ybertrandyonkou@gmail.com,high,DoS Hulk,2023-05-03T19:23:18.458Z,pending
19,ybertrandyonkou@gmail.com,high,DoS Hulk,2023-05-03T19:26:53.799Z,pending
20,ybertrandyonkou@gmail.com,high,DDoS,2023-05-03T19:26:59.854Z,pending
21,ybertrandyonkou@gmail.com,high,DoS Slowhttptest,2023-05-03T19:27:02.196Z,pending
22,ybertrandyonkou@gmail.com,high,DoS Hulk,2023-05-03T19:27:04.364Z,pending
23,ybertrandyonkou@gmail.com,high,DoS Hulk,2023-05-03T19:27:09.869Z,pending
24,ybertrandyonkou@gmail.com,high,SSH-Patator,2023-05-03T19:27:10.962Z,pending
25,ybertrandyonkou@gmail.com,high,DoS Hulk,2023-05-03T19:27:16.899Z,pending
26,ybertrandyonkou@gmail.com,high,DDoS,2023-05-03T19:27:18.065Z,pending
27,ybertrandyonkou@gmail.com,high,DoS Hulk,2023-05-03T19:27:19.245Z,pending
28,ybertrandyonkou@gmail.com,high,DDoS,2023-05-03T19:27:22.892Z,pending
29,ybertrandyonkou@gmail.com,high,PortScan,2023-05-03T19:27:24.174Z,pending
30,ybertrandyonkou@gmail.com,high,PortScan,2023-05-03T19:32:51.964Z,pending
31,ybertrandyonkou@gmail.com,high,DoS Hulk,2023-05-03T19:34:30.479Z,pending
32,ybertrandyonkou@gmail.com,high,DDoS,2023-05-03T19:34:41.792Z,pending
33,ybertrandyonkou@gmail.com,high,DoS Hulk,2023-05-03T19:34:43.031Z,pending
34,ybertrandyonkou@gmail.com,high,DDoS,2023-05-03T19:34:45.437Z,pending
35,ybertrandyonkou@gmail.com,high,PortScan,2023-05-03T19:34:46.711Z,pending
36,ybertrandyonkou@gmail.com,high,DoS Hulk,2023-05-03T19:34:54.387Z,pending
37,ybertrandyonkou@gmail.com,high,PortScan,2023-05-03T19:37:01.576Z,pending
38,ybertrandyonkou@gmail.com,high,PortScan,2023-05-03T19:38:46.152Z,pending
39,ybertrandyonkou@gmail.com,high,PortScan,2023-05-03T19:40:08.106Z,pending
40,ybertrandyonkou@gmail.com,high,PortScan,2023-05-03T19:40:32.295Z,pending
41,ybertrandyonkou@gmail.com,high,DoS Hulk,2023-05-03T19:44:32.554Z,pending
42,ybertrandyonkou@gmail.com,high,DDoS,2023-05-03T19:44:43.905Z,pending
43,ybertrandyonkou@gmail.com,high,DoS Hulk,2023-05-03T19:44:45.257Z,pending
44,ybertrandyonkou@gmail.com,high,DDoS,2023-05-03T19:44:47.857Z,pending
45,ybertrandyonkou@gmail.com,high,DoS Hulk,2023-05-03T19:44:55.904Z,pending
46,ybertrandyonkou@gmail.com,high,DoS Hulk,2023-05-03T19:45:02.851Z,pending
47,ybertrandyonkou@gmail.com,high,DoS Hulk,2023-05-04T08:44:37.777Z,pending
48,ybertrandyonkou@gmail.com,high,DDoS,2023-05-04T08:44:49.409Z,pending
49,ybertrandyonkou@gmail.com,high,DoS Hulk,2023-05-04T08:44:50.695Z,pending
50,ybertrandyonkou@gmail.com,high,DDoS,2023-05-04T08:44:53.313Z,pending
51,ybertrandyonkou@gmail.com,high,PortScan,2023-05-04T08:44:54.649Z,pending
52,ybertrandyonkou@gmail.com,high,DoS Hulk,2023-05-04T08:45:02.627Z,pending
53,ybertrandyonkou@gmail.com,high,DoS Hulk,2023-05-04T08:45:09.118Z,pending
54,ybertrandyonkou@gmail.com,high,DDoS,2023-05-04T08:45:14.349Z,pending
55,ybertrandyonkou@gmail.com,high,DoS Slowhttptest,2023-05-04T08:45:16.980Z,pending
56,ybertrandyonkou@gmail.com,high,DoS Hulk,2023-05-04T08:45:18.319Z,pending
57,ybertrandyonkou@gmail.com,high,DoS Hulk,2023-05-04T08:45:25.295Z,pending
58,ybertrandyonkou@gmail.com,high,SSH-Patator,2023-05-04T08:45:26.701Z,pending
59,ybertrandyonkou@gmail.com,high,DoS Hulk,2023-05-04T08:45:32.067Z,pending
60,ybertrandyonkou@gmail.com,high,DDoS,2023-05-04T08:45:33.423Z,pending
61,ybertrandyonkou@gmail.com,high,DoS Hulk,2023-05-04T08:45:34.716Z,pending
62,ybertrandyonkou@gmail.com,high,DDoS,2023-05-04T08:45:38.711Z,pending
63,ybertrandyonkou@gmail.com,high,PortScan,2023-05-04T08:45:40.113Z,pending
64,ybertrandyonkou@gmail.com,high,DoS Hulk,2023-05-04T08:45:44.051Z,pending
65,ybertrandyonkou@gmail.com,high,SSH-Patator,2023-05-04T08:45:57.765Z,pending
66,ybertrandyonkou@gmail.com,high,PortScan,2023-05-04T08:45:59.065Z,pending
67,ybertrandyonkou@gmail.com,high,DDoS,2023-05-04T08:46:01.650Z,pending
68,ybertrandyonkou@gmail.com,high,DDoS,2023-05-04T08:46:10.769Z,pending
69,ybertrandyonkou@gmail.com,high,DoS Hulk,2023-05-04T08:46:12.019Z,pending
70,ybertrandyonkou@gmail.com,high,DoS Hulk,2023-05-04T08:46:18.515Z,pending
71,ybertrandyonkou@gmail.com,high,DoS Hulk,2023-05-04T08:46:24.996Z,pending
72,ybertrandyonkou@gmail.com,high,DDoS,2023-05-04T08:46:27.595Z,pending
73,ybertrandyonkou@gmail.com,high,DoS Hulk,2023-05-04T08:46:31.529Z,pending
74,ybertrandyonkou@gmail.com,high,DDoS,2023-05-04T08:46:34.167Z,pending
75,ybertrandyonkou@gmail.com,high,PortScan,2023-05-04T08:46:40.694Z,pending
76,ybertrandyonkou@gmail.com,high,DoS Hulk,2023-05-04T08:46:46.082Z,pending
77,ybertrandyonkou@gmail.com,high,PortScan,2023-05-04T08:46:49.987Z,pending
78,ybertrandyonkou@gmail.com,high,DoS GoldenEye,2023-05-04T08:46:52.355Z,pending
